{
  "keyword": {
    "p50_server": 2.187299949582666,
    "p95_server": 3.577299998141825,
    "p99_server": 4.047199967317283,
    "p99_wall": 2287.382200011052
  },
  "semantic": {
    "p50_server": 8.593399950768799,
    "p95_server": 11.9328000000678,
    "p99_server": 16.30489999661222,
    "p99_wall": 2276.8711000098847
  },
  "hybrid": {
    "p50_server": 11.863699997775257,
    "p95_server": 15.382699959445745,
    "p99_server": 16.875699977390468,
    "p99_wall": 2280.737599998247
  }
}