Type,Name,Request Count,Failure Count,Median Response Time,Average Response Time,Min Response Time,Max Response Time,Average Content Size,Requests/s,Failures/s,50%,66%,75%,80%,90%,95%,98%,99%,99.9%,99.99%,100%
POST,long-rag,3,0,25000,22276.025416329503,12575.489040929824,29293.22550003417,1059.0,0.05576309551257809,0.0,25000,25000,29000,29000,29000,29000,29000,29000,29000,29000,29000
POST,short,19,0,16000,15061.115357424378,1024.6903749648482,26573.603000026196,557.8421052631579,0.35316627157966124,0.0,16000,20000,22000,24000,25000,27000,27000,27000,27000,27000,27000
,Aggregated,22,0,16000,16044.966729093258,1024.6903749648482,29293.22550003417,626.1818181818181,0.4089293670922393,0.0,18000,20000,24000,24000,25000,27000,29000,29000,29000,29000,29000
