Type,Name,Request Count,Failure Count,Median Response Time,Average Response Time,Min Response Time,Max Response Time,Average Content Size,Requests/s,Failures/s,50%,66%,75%,80%,90%,95%,98%,99%,99.9%,99.99%,100%
POST,long-rag,4,0,21000,27225.258916267194,9395.292249973863,43269.12541594356,1043.75,0.06956573400177996,0.0,36000,36000,43000,43000,43000,43000,43000,43000,43000,43000,43000
POST,short,23,0,27000,25966.399472824338,2091.509874910116,46474.65833299793,623.0,0.40000297051023476,0.0,27000,37000,38000,39000,46000,46000,46000,46000,46000,46000,46000
,Aggregated,27,0,27000,26152.897168149208,2091.509874910116,46474.65833299793,685.3333333333334,0.4695687045120147,0.0,27000,36000,38000,39000,46000,46000,46000,46000,46000,46000,46000
