Type,Name,Request Count,Failure Count,Median Response Time,Average Response Time,Min Response Time,Max Response Time,Average Content Size,Requests/s,Failures/s,50%,66%,75%,80%,90%,95%,98%,99%,99.9%,99.99%,100%
POST,long-rag,4,0,18000,19117.815823294222,17635.22804202512,21110.114417038858,1353.5,0.08180303563904713,0.0,20000,20000,21000,21000,21000,21000,21000,21000,21000,21000,21000
POST,short,27,0,14000,12359.320344136062,1590.6768329441547,20604.13987492211,968.1111111111111,0.5521704905635682,0.0,14000,16000,16000,17000,20000,20000,21000,21000,21000,21000,21000
,Aggregated,31,0,15000,13231.384276930663,1590.6768329441547,21110.114417038858,1017.8387096774194,0.6339735262026153,0.0,15000,16000,18000,18000,20000,21000,21000,21000,21000,21000,21000
